Khoản vay,6 tháng,9 tháng,12 tháng,15 tháng
3000000,612000,432000,,
4000000,816000,576000,457000,
5000000,1020000,720000,571000,
6000000,1224000,864000,685000,
7000000,1428000,1008000,799000,
8000000,1632000,1152000,914000,
9000000,1835000,1296000,1028000,
10000000,2040000,1440000,1142000,
11000000,2243000,1584000,1256000,
12000000,2456000,1734000,1375000,
13000000,2661000,1878000,1490000,
14000000,2866000,2022000,1604000,
15000000,3070000,2166000,1719000,
16000000,3274000,2312000,1833000,1549000
17000000,3480000,2456000,1948000,1646000
18000000,3684000,2600000,2063000,1743000
19000000,3888000,2744000,2177000,1840000
20000000,4094000,2890000,2291000,1936000
21000000,4298000,3034000,2406000,2033000
22000000,4502000,3178000,2521000,2130000
23000000,4708000,3322000,2635000,2227000
24000000,4912000,3466000,2750000,2324000
25000000,5116000,3612000,2864000,2420000
